{
  "metrics": {
    "http_req_receiving": {
      "avg": 0.11989507558139535,
      "min": 0.022834,
      "med": 0.048222,
      "max": 8.324209,
      "p(90)": 0.1059342,
      "p(95)": 0.1577938999999999
    },
    "http_req_failed": {
      "passes": 0,
      "fails": 172,
      "value": 0
    },
    "http_req_duration": {
      "avg": 335.92750673255796,
      "min": 269.391219,
      "med": 328.590919,
      "max": 392.419156,
      "p(90)": 366.22277449999996,
      "p(95)": 379.59572889999987
    },
    "http_req_duration{expected_response:true}": {
      "max": 392.419156,
      "p(90)": 366.22277449999996,
      "p(95)": 379.59572889999987,
      "avg": 335.92750673255796,
      "min": 269.391219,
      "med": 328.590919
    },
    "http_req_blocked": {
      "min": 0.002562,
      "med": 0.0064364999999999995,
      "max": 1040.803144,
      "p(90)": 1038.6980182999998,
      "p(95)": 1039.99438235,
      "avg": 217.39101362209283
    },
    "vus_max": {
      "value": 50,
      "min": 50,
      "max": 50
    },
    "http_req_tls_handshaking": {
      "max": 0,
      "p(90)": 0,
      "p(95)": 0,
      "avg": 0,
      "min": 0,
      "med": 0
    },
    "http_req_waiting": {
      "avg": 335.7447817616279,
      "min": 269.293858,
      "med": 328.5404495,
      "max": 392.343932,
      "p(90)": 365.8703851,
      "p(95)": 377.19131299999987
    },
    "http_req_sending": {
      "med": 0.019503,
      "max": 0.764529,
      "p(90)": 0.1839874,
      "p(95)": 0.2271591499999999,
      "avg": 0.06282989534883723,
      "min": 0.006046
    },
    "checks": {
      "passes": 172,
      "fails": 0,
      "value": 1
    },
    "data_sent": {
      "count": 16168,
      "rate": 2831.254507446966
    },
    "http_reqs": {
      "count": 172,
      "rate": 30.119728802627296
    },
    "http_req_connecting": {
      "avg": 217.36987755232562,
      "min": 0,
      "med": 0,
      "max": 1040.702984,
      "p(90)": 1038.6312788999999,
      "p(95)": 1039.9400148
    },
    "vus": {
      "value": 50,
      "min": 50,
      "max": 50
    },
    "iteration_duration": {
      "p(95)": 2406.35633825,
      "avg": 1554.285332436047,
      "min": 1269.806471,
      "med": 1353.355842,
      "max": 2416.875076,
      "p(90)": 2405.1274932
    },
    "iterations": {
      "count": 172,
      "rate": 30.119728802627296
    },
    "data_received": {
      "count": 42140,
      "rate": 7379.333556643687
    }
  },
  "root_group": {
    "id": "d41d8cd98f00b204e9800998ecf8427e",
    "groups": {},
    "checks": {
      "status is 200": {
        "name": "status is 200",
        "path": "::status is 200",
        "id": "6210a8cd14cd70477eba5c5e4cb3fb5f",
        "passes": 172,
        "fails": 0
      }
    },
    "name": "",
    "path": ""
  },
  "scenarios": {
    "default": {
      "executor": "constant-vus",
      "vus": 50,
      "duration": "5s"
    }
  }
}
